"","Chisq","Df","Pr(>Chisq)"
"poly(pca1_clima, 2)",0.355734174424015,2,0.837053671232623
"poly(Prec_Varieb, 2)",10.6053166749372,2,0.00497834218737454
"pH",0.192178085584942,1,0.661109964855151
"Corg_percent",0.0547669540791849,1,0.81496680857385
"poly(cover_litter, 2)",4.20012687202872,2,0.122448660351626
"grazing_intencity",2.28063269469977,1,0.130998424347916
"mowing",0.00727759993286381,1,0.93201585569368
