"","Chisq","Df","Pr(>Chisq)"
"poly(pca1_clima, 2)",0.00251980268337287,2,0.998740892000796
"poly(Prec_Varieb, 2)",8.91122517575139,2,0.0116132035874622
"poly(Corg_percent, 2)",2.03071349299961,2,0.362273167092513
"poly(pH, 2)",17.0042128965158,2,0.000203040224509633
"poly(cover_litter, 2)",4.48660385490457,2,0.106107565826783
"grazing_intencity",0.20242399621275,1,0.652771339480029
"mowing",0.0952720017604891,1,0.757578934398038
