"","Chisq","Df","Pr(>Chisq)"
"poly(pca1_clima, 2)",4.29021451000968,2,0.117055481584577
"poly(Prec_Varieb, 2)",5.38585125997902,2,0.0676826350837511
"poly(Corg_percent, 2)",11.275417702155,2,0.00356101788911649
"pH",0.322741577224409,1,0.569964697008886
"poly(cover_litter, 2)",8.07412648076889,2,0.0176492279214918
"grazing_intencity",0.0383694273478916,1,0.844703186734424
"mowing",0.176474727156232,1,0.674420473599192
