"","Chisq","Df","Pr(>Chisq)"
"poly(pca1_clima, 2)",17.8007160399965,2,0.000136340105258802
"poly(Corg_percent, 2)",41.4177074690017,2,1.01451645751667e-09
"pH",0.171623879650491,1,0.678672628624889
"poly(cover_litter, 2)",25.0662634614056,2,3.60520569463913e-06
"grazing_intencity",0.00798577470187008,1,0.928793298861428
"mowing",0.0911665104037858,1,0.762699384384557
