"","Chisq","Df","Pr(>Chisq)"
"poly(pca1_clima, 2)",0.355734174633394,2,0.837053671144993
"poly(Prec_Varieb, 2)",10.6053166785415,2,0.00497834217840299
"pH",0.192178085149488,1,0.661109965215123
"Corg_percent",0.0547669541861367,1,0.814966808396453
"poly(cover_litter, 2)",4.200126870831,2,0.122448660424956
"grazing_intencity",2.28063269371192,1,0.13099842443135
"mowing",0.00727759987421043,1,0.932015855966973
