"","Chisq","Df","Pr(>Chisq)"
"poly(pca1_clima, 2)",3.91557297498152,2,0.141170558130147
"poly(Prec_Varieb, 2)",11.8656376527057,2,0.00265099874163004
"poly(Corg_percent, 2)",34.9231741142984,2,2.60933053074757e-08
"poly(pH, 2)",13.4239128863949,2,0.00121628220826696
"poly(cover_litter, 2)",28.9389072936135,2,5.19991356925221e-07
"grazing_intencity",0.0741044511095982,1,0.785451843932551
"mowing",0.629950899820175,1,0.427373324735194
