"","Chisq","Df","Pr(>Chisq)"
"poly(pca1_clima, 2)",0.00251980271202225,2,0.99874089198649
"poly(Prec_Varieb, 2)",8.91122517630301,2,0.0116132035842592
"poly(Corg_percent, 2)",2.030713493173,2,0.362273167061105
"poly(pH, 2)",17.004212896755,2,0.000203040224485355
"poly(cover_litter, 2)",4.48660385515879,2,0.106107565813296
"grazing_intencity",0.202423996205362,1,0.652771339485949
"mowing",0.0952720017929383,1,0.757578934358049
