"","Chisq","Df","Pr(>Chisq)"
"poly(pca1_clima, 2)",2.23611974111811,2,0.326913434131148
"poly(Prec_Varieb, 2)",6.03797935469548,2,0.0488505482537395
"poly(Corg_percent, 2)",14.6202058032753,2,0.000668748233242685
"poly(pH, 2)",5.05402606776944,2,0.0798973147919047
"poly(cover_litter, 2)",20.9598184734413,2,2.80952724295297e-05
"grazing_intencity",0.0478252010042886,1,0.826891744290982
"mowing",1.33677565304727,1,0.247603389655315
