"","Chisq","Df","Pr(>Chisq)"
"poly(pca1_clima, 2)",1.40612538218349,2,0.495066743033468
"poly(Corg_percent, 2)",2.19412196644632,2,0.333850836447233
"poly(pH, 2)",15.5341256161113,2,0.000423455211236861
"poly(cover_litter, 2)",6.78652080415734,2,0.033598952030136
"grazing_intencity",1.23554743252727,1,0.266330900881883
"mowing",0.0566874700784207,1,0.811810277544565
