"","Chisq","Df","Pr(>Chisq)"
"poly(pca1_clima, 2)",4.29219996378058,2,0.116939335121315
"poly(Prec_Varieb, 2)",5.38153922899434,2,0.0678287173147432
"poly(Corg_percent, 2)",11.2751583012081,2,0.00356147978477615
"pH",0.32274717625284,1,0.569961351129004
"poly(cover_litter, 2)",8.0733995861972,2,0.0176556436512964
"grazing_intencity",0.0382215668602225,1,0.844998901350371
"mowing",0.176509939107646,1,0.67438986013935
