"","Chisq","Df","Pr(>Chisq)"
"poly(pca1_clima, 2)",2.99210943391335,2,0.224012210610973
"poly(Prec_Varieb, 2)",0.244141221166762,2,0.885085869866507
"poly(pH, 2)",1.1319048556193,2,0.567819082451117
"poly(Corg_percent, 2)",9.81637854620585,2,0.00738584998779257
"poly(cover_litter, 2)",10.8618661144973,2,0.00437900803071779
"grazing_intencity",0.0479985358037617,1,0.826583304409204
"mowing",0.635517056588192,1,0.425338813385029
