"","Chisq","Df","Pr(>Chisq)"
"poly(pca1_clima, 2)",1.31146048938417,2,0.51906288124243
"poly(Prec_Varieb, 2)",7.35643582857863,2,0.0252679644139981
"poly(pH, 2)",0.0982209496325316,2,0.952075943473471
"poly(Corg_percent, 2)",1.02829424434341,2,0.598010407000715
"poly(cover_litter, 2)",9.45387020626606,2,0.00885356476168563
"grazing_intencity",3.43304120376602,1,0.0639043224827854
"mowing",0.00917998740437679,1,0.923669687389901
