"","Chisq","Df","Pr(>Chisq)"
"poly(pca1_clima, 2)",1.31146048937687,2,0.519062881244324
"poly(Prec_Varieb, 2)",7.35643582941629,2,0.0252679644034152
"poly(pH, 2)",0.0982209496594971,2,0.952075943460635
"poly(Corg_percent, 2)",1.02829424434591,2,0.598010406999969
"poly(cover_litter, 2)",9.45387020594181,2,0.00885356476312101
"grazing_intencity",3.43304120367766,1,0.063904322486204
"mowing",0.00917998740769004,1,0.923669687376169
