"","Chisq","Df","Pr(>Chisq)"
"poly(pca1_clima, 2)",5.50446841016452,2,0.0637851926890112
"poly(pH, 2)",1.14292321268734,2,0.564699466900681
"poly(Corg_percent, 2)",10.2092185470026,2,0.00606870965765327
"poly(cover_litter, 2)",11.2462361653902,2,0.00361335678012573
"grazing_intencity",0.00966127848367991,1,0.921700587137999
"mowing",0.973201171627791,1,0.323883111504665
