"","Chisq","Df","Pr(>Chisq)"
"poly(pca1_clima, 2)",7.41021334278348,2,0.0245975933681699
"pH",0.186624222297784,1,0.66574122616903
"Corg_percent",0.0447456009354531,1,0.832472507902123
"poly(cover_litter, 2)",4.92048701269748,2,0.0854141495470981
"grazing_intencity",1.94401456111039,1,0.163233301525815
"mowing",0.139824135341916,1,0.708455908160769
