"","Chisq","Df","Pr(>Chisq)"
"poly(pca1_clima, 2)",2.23601520292673,2,0.326930522047301
"poly(Prec_Varieb, 2)",6.03229206610528,2,0.048989659534352
"poly(Corg_percent, 2)",14.6195476327942,2,0.000668968344631607
"poly(pH, 2)",5.05386648917909,2,0.0799036899966714
"poly(cover_litter, 2)",20.9591942036002,2,2.81040433139366e-05
"grazing_intencity",0.0478249851154165,1,0.826892128818411
"mowing",1.33677163047656,1,0.247604101045892
