"","Chisq","Df","Pr(>Chisq)"
"poly(pca1_clima, 2)",2.9921094338858,2,0.224012210614059
"poly(Prec_Varieb, 2)",0.244141221165346,2,0.885085869867133
"poly(pH, 2)",1.13190485562128,2,0.567819082450558
"poly(Corg_percent, 2)",9.81637854620708,2,0.00738584998778802
"poly(cover_litter, 2)",10.8618661145067,2,0.00437900803069718
"grazing_intencity",0.0479985358040919,1,0.826583304408617
"mowing",0.635517056582984,1,0.425338813386926
