"","Estimate","Std. Error","df","t value","Pr(>|t|)"
"(Intercept)",1.7940476202894,0.354647609718688,176.1840075239,5.0586767572252,1.0538289915101e-06
"poly(pca1_clima, 2)1",2.52451066054273,1.35562607592787,98.9805598293476,1.8622470498104,0.0655345670798639
"poly(pca1_clima, 2)2",-3.02896927837953,1.11966332874265,87.6830514229152,-2.70525005206786,0.0082000029243757
"pH",-0.0197009424028476,0.045604006179253,284.552235810779,-0.432000257289026,0.666068391117359
"Corg_percent",0.00446645002568118,0.0211148162605882,270.881849321964,0.211531560140451,0.832631568113136
"poly(cover_litter, 2)1",-0.432718832058831,0.558426583731438,330.861281655504,-0.774889385042128,0.438958452258008
"poly(cover_litter, 2)2",-0.885756143496367,0.488899946971728,321.814050895779,-1.81173295064315,0.0709595199022906
"grazing_intencity",-0.0527088260763496,0.0378036372335968,163.119385117212,-1.39427922637841,0.165129480288405
"mowing1",0.0587402855151791,0.157088713121367,158.979589462041,0.373930655793177,0.708954127276489
